name.firstName, name.lastName, age, address.line1, address.line2, address.city, address.state, gender
Aashutosh, Prasad, 35, A-563 Rakshak Society, New Pune Road, Pune, Maharashtra, male
Shiv, Prasad, 91, A-563 Rakshak Society, New Pune Road, Bhopal, Maharashtra, male
Prithvi, Prasad, 13, A-563 Rakshak Society, New Pune Road, Indore, Maharashtra, male
Ram, Prasad, 55, A-563 Rakshak Society, New Pune Road, Pune, Maharashtra, male
Rohit, Prasad, 24, A-563 Rakshak Society, New Pune Road, Raipur, Maharashtra, male
Ravi, Prasad, 32, A-563 Rakshak Society, New Pune Road, Delhi, Maharashtra, male
Hina, Prasad, 45, A-563 Rakshak Society, New Pune Road, Pune, Maharashtra, female
Sara, Prasad, 61, A-563 Rakshak Society, New Pune Road, Gwalior, Maharashtra, female
Parth, Prasad, 9, A-563 Rakshak Society, New Pune Road, Pune, Maharashtra, male
Durgesh, Prasad, 37, A-563 Rakshak Society, New Pune Road, Ujjain, Maharashtra, male